件名,カテゴリ,ニュース日時,URL
"2017年のICビジネスをけん引する市場は何か? - IC Insightsが予測","テクノロジー","2016/12/02 13:08","http://news.mynavi.jp/article/20161202-a195/"
"ジャガー「I-PACE」ランドローバー新型「ディスカバリー」ともに米国で公開","旅と乗りもの","2016/12/02 13:11","http://news.mynavi.jp/article/20161202-a196/"
"飲み会で見た「仕事ができる人」の作法、1位は?","シゴト","2016/12/02 13:14","http://news.mynavi.jp/article/20161202-a197/"
"ジャガー「XKSS」60年ぶり9台のみ製造 - 日本円で1.4億円以上となる見込み","旅と乗りもの","2016/12/02 13:18","http://news.mynavi.jp/article/20161202-a198/"
"「トランプ・ユーフォリア」はいつまで続く!?","マネー","2016/12/02 13:21","http://news.mynavi.jp/article/20161202-a199/"
"ミュージカル「わたしは真悟」本日から！高畑充希＆門脇麦が小学生を好演","ホビー","2016/12/02 13:21","http://news.mynavi.jp/article/20161202-a244/"
"つるの剛士、「保育園落ちた日本死ね」流行語トップ10入りに疑問「悲しい」","エンタメ","2016/12/02 13:22","http://news.mynavi.jp/article/20161202-a200/"
"IMJ、LINEを使ったキャンペーン告知から当選通知まで行える製品","企業IT","2016/12/02 13:23","http://news.mynavi.jp/article/20161202-a201/"
"ロシアの無人補給船「プログレスMS-04」が墜落、ISSへの打ち上げ失敗","テクノロジー","2016/12/02 13:25","http://news.mynavi.jp/article/20161202-progress_ms_04/"
"梶裕貴･小野賢章･蒼井翔太が歌うレディボーデンのテーマ公開、音声ドラマも","ホビー","2016/12/02 13:42","http://news.mynavi.jp/article/20161202-a240/"
"TVアニメ『3月のライオン』第8話のあらすじ&先行場面カット公開","ホビー","2016/12/02 13:45","http://news.mynavi.jp/article/20161202-a241/"
"PTCジャパン、IoT向けビジネスで300%成長 - 新社長のもと次のステップへ","テクノロジー","2016/12/02 13:47","http://news.mynavi.jp/article/20161202-a242/"
"テニフェスBD/DVDは4枚組の大ボリューム！来年4月に発売決定","ホビー","2016/12/02 13:47","http://news.mynavi.jp/article/20161202-a243/"
"「CCさくら クリアカード編」1巻発売！自分のクロウカード描ける特装版も","ホビー","2016/12/02 13:56","http://news.mynavi.jp/article/20161202-a277/"
"「保健室の死神」の藍本松がSQ.で新連載、忌み嫌われる少年と探偵描く","ホビー","2016/12/02 14:13","http://news.mynavi.jp/article/20161202-a276/"
"坂上忍、流行語大賞"神ってる"に「ポジティブワードでうれしかった」","エンタメ","2016/12/02 14:16","http://news.mynavi.jp/article/20161202-a245/"
"永瀬ようすけ描くダークな青春群像劇「さよならノクターン」完結","ホビー","2016/12/02 14:43","http://news.mynavi.jp/article/20161202-a275/"
"鳥越氏、流行語大賞は表彰式出席が条件「去年は五郎丸さんだったが外れた」","エンタメ","2016/12/02 14:48","http://news.mynavi.jp/article/20161202-a274/"
"7,000件以上の拡張機能が並ぶ「Visual Studio Marketplace」","企業IT","2016/12/02 14:53","http://news.mynavi.jp/article/20161202-vsmarketplace/"
"ランサムウェアは2017年後半に攻撃が減少-インテルセキュリティが脅威予測","企業IT","2016/12/02 15:07","http://news.mynavi.jp/article/20161202-a278/"
"「文豪ストレイドッグス」組合設計者長・ポオは森川智之に決定","ホビー","2016/12/02 15:07","http://news.mynavi.jp/article/20161202-a304/"
"Apple Watch基本の「き」Season 2 - Apple Watchで返信しよう! メッセージに返信を送る方法(前編)","パソコン","2016/12/02 15:26","http://news.mynavi.jp/article/20161202-apple_watch/"
"AWS HD、ソフトバンクとIBM Watsonエコシステムパートナー契約を締結","企業IT","2016/12/02 15:26","http://news.mynavi.jp/article/20161202-a279/"
"オーガニックコットン配合のおむつ「ナチュラルムーニー」が発売","ライフスタイル","2016/12/02 15:43","http://news.mynavi.jp/article/20161202-a299/"
"2016年のファブレス売上高総額は前年比3.2%減のマイナス成長 - TrendForce","テクノロジー","2016/12/02 15:43","http://news.mynavi.jp/article/20161202-a298/"
"「ヤマノススメ」グッズを、作品の舞台・飯能市にふるさと納税してゲット","ホビー","2016/12/02 15:50","http://news.mynavi.jp/article/20161202-a343/"
"早大、約150℃の低温度下で水素が生成する触媒反応メカニズムを立証","テクノロジー","2016/12/02 15:54","http://news.mynavi.jp/article/20161202-a300/"
"初産より第二子以後の妊娠が大変だった理由","ライフスタイル","2016/12/02 16:00","http://news.mynavi.jp/article/20161202-a301/"
"日本のこの缶詰が好き! を日本在住外国人に聞いてみた","旅と乗りもの","2016/12/02 16:00","http://news.mynavi.jp/article/20161202-a302/"
"まさかのバッテリー切れ、Apple Payで駅の改札を通れますか? - いまさら聞けないiPhoneのなぜ","スマホとデジタル家電","2016/12/02 16:14","http://news.mynavi.jp/article/20161202-iphone_why/"
